--
-- PostgreSQL database dump
--

-- Dumped from database version 14.13 (Ubuntu 14.13-0ubuntu0.22.04.1)
-- Dumped by pg_dump version 14.13 (Ubuntu 14.13-0ubuntu0.22.04.1)

SET statement_timeout = 0;
SET lock_timeout = 0;
SET idle_in_transaction_session_timeout = 0;
SET client_encoding = 'UTF8';
SET standard_conforming_strings = on;
SELECT pg_catalog.set_config('search_path', '', false);
SET check_function_bodies = false;
SET xmloption = content;
SET client_min_messages = warning;
SET row_security = off;

SET default_tablespace = '';

SET default_table_access_method = heap;

--
-- Name: account_customuser; Type: TABLE; Schema: public; Owner: agaba_user
--

CREATE TABLE public.account_customuser (
    id bigint NOT NULL,
    password character varying(128) NOT NULL,
    last_login timestamp with time zone,
    is_superuser boolean NOT NULL,
    username character varying(150) NOT NULL,
    first_name character varying(150) NOT NULL,
    last_name character varying(150) NOT NULL,
    email character varying(254) NOT NULL,
    is_staff boolean NOT NULL,
    is_active boolean NOT NULL,
    date_joined timestamp with time zone NOT NULL,
    is_mobile_verified boolean NOT NULL,
    mobile_otp character varying(6)
);


ALTER TABLE public.account_customuser OWNER TO agaba_user;

--
-- Name: account_customuser_groups; Type: TABLE; Schema: public; Owner: agaba_user
--

CREATE TABLE public.account_customuser_groups (
    id bigint NOT NULL,
    customuser_id bigint NOT NULL,
    group_id integer NOT NULL
);


ALTER TABLE public.account_customuser_groups OWNER TO agaba_user;

--
-- Name: account_customuser_groups_id_seq; Type: SEQUENCE; Schema: public; Owner: agaba_user
--

ALTER TABLE public.account_customuser_groups ALTER COLUMN id ADD GENERATED BY DEFAULT AS IDENTITY (
    SEQUENCE NAME public.account_customuser_groups_id_seq
    START WITH 1
    INCREMENT BY 1
    NO MINVALUE
    NO MAXVALUE
    CACHE 1
);


--
-- Name: account_customuser_id_seq; Type: SEQUENCE; Schema: public; Owner: agaba_user
--

ALTER TABLE public.account_customuser ALTER COLUMN id ADD GENERATED BY DEFAULT AS IDENTITY (
    SEQUENCE NAME public.account_customuser_id_seq
    START WITH 1
    INCREMENT BY 1
    NO MINVALUE
    NO MAXVALUE
    CACHE 1
);


--
-- Name: account_customuser_user_permissions; Type: TABLE; Schema: public; Owner: agaba_user
--

CREATE TABLE public.account_customuser_user_permissions (
    id bigint NOT NULL,
    customuser_id bigint NOT NULL,
    permission_id integer NOT NULL
);


ALTER TABLE public.account_customuser_user_permissions OWNER TO agaba_user;

--
-- Name: account_customuser_user_permissions_id_seq; Type: SEQUENCE; Schema: public; Owner: agaba_user
--

ALTER TABLE public.account_customuser_user_permissions ALTER COLUMN id ADD GENERATED BY DEFAULT AS IDENTITY (
    SEQUENCE NAME public.account_customuser_user_permissions_id_seq
    START WITH 1
    INCREMENT BY 1
    NO MINVALUE
    NO MAXVALUE
    CACHE 1
);


--
-- Name: auth_group; Type: TABLE; Schema: public; Owner: agaba_user
--

CREATE TABLE public.auth_group (
    id integer NOT NULL,
    name character varying(150) NOT NULL
);


ALTER TABLE public.auth_group OWNER TO agaba_user;

--
-- Name: auth_group_id_seq; Type: SEQUENCE; Schema: public; Owner: agaba_user
--

ALTER TABLE public.auth_group ALTER COLUMN id ADD GENERATED BY DEFAULT AS IDENTITY (
    SEQUENCE NAME public.auth_group_id_seq
    START WITH 1
    INCREMENT BY 1
    NO MINVALUE
    NO MAXVALUE
    CACHE 1
);


--
-- Name: auth_group_permissions; Type: TABLE; Schema: public; Owner: agaba_user
--

CREATE TABLE public.auth_group_permissions (
    id bigint NOT NULL,
    group_id integer NOT NULL,
    permission_id integer NOT NULL
);


ALTER TABLE public.auth_group_permissions OWNER TO agaba_user;

--
-- Name: auth_group_permissions_id_seq; Type: SEQUENCE; Schema: public; Owner: agaba_user
--

ALTER TABLE public.auth_group_permissions ALTER COLUMN id ADD GENERATED BY DEFAULT AS IDENTITY (
    SEQUENCE NAME public.auth_group_permissions_id_seq
    START WITH 1
    INCREMENT BY 1
    NO MINVALUE
    NO MAXVALUE
    CACHE 1
);


--
-- Name: auth_permission; Type: TABLE; Schema: public; Owner: agaba_user
--

CREATE TABLE public.auth_permission (
    id integer NOT NULL,
    name character varying(255) NOT NULL,
    content_type_id integer NOT NULL,
    codename character varying(100) NOT NULL
);


ALTER TABLE public.auth_permission OWNER TO agaba_user;

--
-- Name: auth_permission_id_seq; Type: SEQUENCE; Schema: public; Owner: agaba_user
--

ALTER TABLE public.auth_permission ALTER COLUMN id ADD GENERATED BY DEFAULT AS IDENTITY (
    SEQUENCE NAME public.auth_permission_id_seq
    START WITH 1
    INCREMENT BY 1
    NO MINVALUE
    NO MAXVALUE
    CACHE 1
);


--
-- Name: django_admin_log; Type: TABLE; Schema: public; Owner: agaba_user
--

CREATE TABLE public.django_admin_log (
    id integer NOT NULL,
    action_time timestamp with time zone NOT NULL,
    object_id text,
    object_repr character varying(200) NOT NULL,
    action_flag smallint NOT NULL,
    change_message text NOT NULL,
    content_type_id integer,
    user_id bigint NOT NULL,
    CONSTRAINT django_admin_log_action_flag_check CHECK ((action_flag >= 0))
);


ALTER TABLE public.django_admin_log OWNER TO agaba_user;

--
-- Name: django_admin_log_id_seq; Type: SEQUENCE; Schema: public; Owner: agaba_user
--

ALTER TABLE public.django_admin_log ALTER COLUMN id ADD GENERATED BY DEFAULT AS IDENTITY (
    SEQUENCE NAME public.django_admin_log_id_seq
    START WITH 1
    INCREMENT BY 1
    NO MINVALUE
    NO MAXVALUE
    CACHE 1
);


--
-- Name: django_content_type; Type: TABLE; Schema: public; Owner: agaba_user
--

CREATE TABLE public.django_content_type (
    id integer NOT NULL,
    app_label character varying(100) NOT NULL,
    model character varying(100) NOT NULL
);


ALTER TABLE public.django_content_type OWNER TO agaba_user;

--
-- Name: django_content_type_id_seq; Type: SEQUENCE; Schema: public; Owner: agaba_user
--

ALTER TABLE public.django_content_type ALTER COLUMN id ADD GENERATED BY DEFAULT AS IDENTITY (
    SEQUENCE NAME public.django_content_type_id_seq
    START WITH 1
    INCREMENT BY 1
    NO MINVALUE
    NO MAXVALUE
    CACHE 1
);


--
-- Name: django_migrations; Type: TABLE; Schema: public; Owner: agaba_user
--

CREATE TABLE public.django_migrations (
    id bigint NOT NULL,
    app character varying(255) NOT NULL,
    name character varying(255) NOT NULL,
    applied timestamp with time zone NOT NULL
);


ALTER TABLE public.django_migrations OWNER TO agaba_user;

--
-- Name: django_migrations_id_seq; Type: SEQUENCE; Schema: public; Owner: agaba_user
--

ALTER TABLE public.django_migrations ALTER COLUMN id ADD GENERATED BY DEFAULT AS IDENTITY (
    SEQUENCE NAME public.django_migrations_id_seq
    START WITH 1
    INCREMENT BY 1
    NO MINVALUE
    NO MAXVALUE
    CACHE 1
);


--
-- Name: django_session; Type: TABLE; Schema: public; Owner: agaba_user
--

CREATE TABLE public.django_session (
    session_key character varying(40) NOT NULL,
    session_data text NOT NULL,
    expire_date timestamp with time zone NOT NULL
);


ALTER TABLE public.django_session OWNER TO agaba_user;

--
-- Name: website_additionaloption; Type: TABLE; Schema: public; Owner: agaba_user
--

CREATE TABLE public.website_additionaloption (
    id bigint NOT NULL,
    name character varying(255) NOT NULL,
    price numeric(15,2) NOT NULL
);


ALTER TABLE public.website_additionaloption OWNER TO agaba_user;

--
-- Name: website_additionaloption_id_seq; Type: SEQUENCE; Schema: public; Owner: agaba_user
--

ALTER TABLE public.website_additionaloption ALTER COLUMN id ADD GENERATED BY DEFAULT AS IDENTITY (
    SEQUENCE NAME public.website_additionaloption_id_seq
    START WITH 1
    INCREMENT BY 1
    NO MINVALUE
    NO MAXVALUE
    CACHE 1
);


--
-- Name: website_charactitem; Type: TABLE; Schema: public; Owner: agaba_user
--

CREATE TABLE public.website_charactitem (
    id bigint NOT NULL,
    name character varying(255) NOT NULL,
    value character varying(255) NOT NULL
);


ALTER TABLE public.website_charactitem OWNER TO agaba_user;

--
-- Name: website_characteristic_id_seq; Type: SEQUENCE; Schema: public; Owner: agaba_user
--

ALTER TABLE public.website_charactitem ALTER COLUMN id ADD GENERATED BY DEFAULT AS IDENTITY (
    SEQUENCE NAME public.website_characteristic_id_seq
    START WITH 1
    INCREMENT BY 1
    NO MINVALUE
    NO MAXVALUE
    CACHE 1
);


--
-- Name: website_group; Type: TABLE; Schema: public; Owner: agaba_user
--

CREATE TABLE public.website_group (
    id bigint NOT NULL,
    name character varying(255) NOT NULL,
    link character varying(50) NOT NULL,
    image character varying(100)
);


ALTER TABLE public.website_group OWNER TO agaba_user;

--
-- Name: website_group_id_seq; Type: SEQUENCE; Schema: public; Owner: agaba_user
--

ALTER TABLE public.website_group ALTER COLUMN id ADD GENERATED BY DEFAULT AS IDENTITY (
    SEQUENCE NAME public.website_group_id_seq
    START WITH 1
    INCREMENT BY 1
    NO MINVALUE
    NO MAXVALUE
    CACHE 1
);


--
-- Name: website_product; Type: TABLE; Schema: public; Owner: agaba_user
--

CREATE TABLE public.website_product (
    id bigint NOT NULL,
    brand character varying(255) NOT NULL,
    name character varying(255) NOT NULL,
    cur_price numeric(15,2) NOT NULL,
    old_price numeric(15,2) NOT NULL,
    charact_text text NOT NULL,
    description text NOT NULL,
    link character varying(255) NOT NULL,
    author_id bigint,
    date_created timestamp with time zone NOT NULL,
    group_id bigint,
    subgroup_id bigint
);


ALTER TABLE public.website_product OWNER TO agaba_user;

--
-- Name: website_product_additional_options; Type: TABLE; Schema: public; Owner: agaba_user
--

CREATE TABLE public.website_product_additional_options (
    id bigint NOT NULL,
    product_id bigint NOT NULL,
    additionaloption_id bigint NOT NULL
);


ALTER TABLE public.website_product_additional_options OWNER TO agaba_user;

--
-- Name: website_product_additional_options_id_seq; Type: SEQUENCE; Schema: public; Owner: agaba_user
--

ALTER TABLE public.website_product_additional_options ALTER COLUMN id ADD GENERATED BY DEFAULT AS IDENTITY (
    SEQUENCE NAME public.website_product_additional_options_id_seq
    START WITH 1
    INCREMENT BY 1
    NO MINVALUE
    NO MAXVALUE
    CACHE 1
);


--
-- Name: website_product_charact_list; Type: TABLE; Schema: public; Owner: agaba_user
--

CREATE TABLE public.website_product_charact_list (
    id bigint NOT NULL,
    product_id bigint NOT NULL,
    charactitem_id bigint NOT NULL
);


ALTER TABLE public.website_product_charact_list OWNER TO agaba_user;

--
-- Name: website_product_characteristics_id_seq; Type: SEQUENCE; Schema: public; Owner: agaba_user
--

ALTER TABLE public.website_product_charact_list ALTER COLUMN id ADD GENERATED BY DEFAULT AS IDENTITY (
    SEQUENCE NAME public.website_product_characteristics_id_seq
    START WITH 1
    INCREMENT BY 1
    NO MINVALUE
    NO MAXVALUE
    CACHE 1
);


--
-- Name: website_product_id_seq; Type: SEQUENCE; Schema: public; Owner: agaba_user
--

ALTER TABLE public.website_product ALTER COLUMN id ADD GENERATED BY DEFAULT AS IDENTITY (
    SEQUENCE NAME public.website_product_id_seq
    START WITH 1
    INCREMENT BY 1
    NO MINVALUE
    NO MAXVALUE
    CACHE 1
);


--
-- Name: website_productdocument; Type: TABLE; Schema: public; Owner: agaba_user
--

CREATE TABLE public.website_productdocument (
    id bigint NOT NULL,
    doc character varying(100) NOT NULL,
    doc_hash character varying(32) NOT NULL,
    product_id bigint NOT NULL,
    name character varying(255) NOT NULL
);


ALTER TABLE public.website_productdocument OWNER TO agaba_user;

--
-- Name: website_productdocument_id_seq; Type: SEQUENCE; Schema: public; Owner: agaba_user
--

ALTER TABLE public.website_productdocument ALTER COLUMN id ADD GENERATED BY DEFAULT AS IDENTITY (
    SEQUENCE NAME public.website_productdocument_id_seq
    START WITH 1
    INCREMENT BY 1
    NO MINVALUE
    NO MAXVALUE
    CACHE 1
);


--
-- Name: website_productimage; Type: TABLE; Schema: public; Owner: agaba_user
--

CREATE TABLE public.website_productimage (
    id bigint NOT NULL,
    image character varying(100) NOT NULL,
    image_hash character varying(32) NOT NULL,
    product_id bigint NOT NULL
);


ALTER TABLE public.website_productimage OWNER TO agaba_user;

--
-- Name: website_productimage_id_seq; Type: SEQUENCE; Schema: public; Owner: agaba_user
--

ALTER TABLE public.website_productimage ALTER COLUMN id ADD GENERATED BY DEFAULT AS IDENTITY (
    SEQUENCE NAME public.website_productimage_id_seq
    START WITH 1
    INCREMENT BY 1
    NO MINVALUE
    NO MAXVALUE
    CACHE 1
);


--
-- Name: website_subgroup; Type: TABLE; Schema: public; Owner: agaba_user
--

CREATE TABLE public.website_subgroup (
    id bigint NOT NULL,
    name character varying(255) NOT NULL,
    link character varying(50) NOT NULL,
    group_id bigint NOT NULL,
    image character varying(100)
);


ALTER TABLE public.website_subgroup OWNER TO agaba_user;

--
-- Name: website_subgroup_id_seq; Type: SEQUENCE; Schema: public; Owner: agaba_user
--

ALTER TABLE public.website_subgroup ALTER COLUMN id ADD GENERATED BY DEFAULT AS IDENTITY (
    SEQUENCE NAME public.website_subgroup_id_seq
    START WITH 1
    INCREMENT BY 1
    NO MINVALUE
    NO MAXVALUE
    CACHE 1
);


--
-- Data for Name: account_customuser; Type: TABLE DATA; Schema: public; Owner: agaba_user
--

COPY public.account_customuser (id, password, last_login, is_superuser, username, first_name, last_name, email, is_staff, is_active, date_joined, is_mobile_verified, mobile_otp) FROM stdin;
34	!o0Xv4Zf9NLvMbA6TCUtZN8zPR2GwGfTNFXTDd9MU	\N	f	+7216515				f	f	2024-11-15 10:28:16.474176+03	f	\N
35	!Lz4G5HobIs6FboF4DBg3uwNiBEkD8j1fsCuTBe6y	\N	f	+7				f	f	2024-11-15 10:28:38.103851+03	f	\N
36	!TgvAVr0mPthOZeqe6xRxJRi7SEMI50CjD77GmrFB	\N	f	+7323236216262				f	f	2024-11-15 10:30:22.588688+03	f	\N
37	!FTwdj5Na1frrpNMhtcMZtLvX4tCOmMP5xUipq7U8	2024-11-15 10:31:16.343748+03	f	+72323236				f	t	2024-11-15 10:31:04.762602+03	t	\N
1	pbkdf2_sha256$870000$6yjlbxFUylZI7vznWV6zSn$wYbKzuztAevbYT/tE2V3C0Db5GBxC0XVqFW//mGBkfk=	2024-11-15 13:38:17.858141+03	t	admin			admin@example.com	t	t	2024-11-14 03:56:31.183297+03	f	\N
\.


--
-- Data for Name: account_customuser_groups; Type: TABLE DATA; Schema: public; Owner: agaba_user
--

COPY public.account_customuser_groups (id, customuser_id, group_id) FROM stdin;
\.


--
-- Data for Name: account_customuser_user_permissions; Type: TABLE DATA; Schema: public; Owner: agaba_user
--

COPY public.account_customuser_user_permissions (id, customuser_id, permission_id) FROM stdin;
\.


--
-- Data for Name: auth_group; Type: TABLE DATA; Schema: public; Owner: agaba_user
--

COPY public.auth_group (id, name) FROM stdin;
\.


--
-- Data for Name: auth_group_permissions; Type: TABLE DATA; Schema: public; Owner: agaba_user
--

COPY public.auth_group_permissions (id, group_id, permission_id) FROM stdin;
\.


--
-- Data for Name: auth_permission; Type: TABLE DATA; Schema: public; Owner: agaba_user
--

COPY public.auth_permission (id, name, content_type_id, codename) FROM stdin;
1	Can add log entry	1	add_logentry
2	Can change log entry	1	change_logentry
3	Can delete log entry	1	delete_logentry
4	Can view log entry	1	view_logentry
5	Can add permission	2	add_permission
6	Can change permission	2	change_permission
7	Can delete permission	2	delete_permission
8	Can view permission	2	view_permission
9	Can add group	3	add_group
10	Can change group	3	change_group
11	Can delete group	3	delete_group
12	Can view group	3	view_group
13	Can add content type	4	add_contenttype
14	Can change content type	4	change_contenttype
15	Can delete content type	4	delete_contenttype
16	Can view content type	4	view_contenttype
17	Can add session	5	add_session
18	Can change session	5	change_session
19	Can delete session	5	delete_session
20	Can view session	5	view_session
21	Can add Товар	6	add_product
22	Can change Товар	6	change_product
23	Can delete Товар	6	delete_product
24	Can view Товар	6	view_product
25	Can add Изображение товара	7	add_productimage
26	Can change Изображение товара	7	change_productimage
27	Can delete Изображение товара	7	delete_productimage
28	Can view Изображение товара	7	view_productimage
29	Can add Характеристика	8	add_charactitem
30	Can change Характеристика	8	change_charactitem
31	Can delete Характеристика	8	delete_charactitem
32	Can view Характеристика	8	view_charactitem
33	Can add Опция	9	add_additionaloption
34	Can change Опция	9	change_additionaloption
35	Can delete Опция	9	delete_additionaloption
36	Can view Опция	9	view_additionaloption
37	Can add Документ о товаре	10	add_productdocument
38	Can change Документ о товаре	10	change_productdocument
39	Can delete Документ о товаре	10	delete_productdocument
40	Can view Документ о товаре	10	view_productdocument
41	Can add user	11	add_customuser
42	Can change user	11	change_customuser
43	Can delete user	11	delete_customuser
44	Can view user	11	view_customuser
67	Can add Категория	34	add_category
68	Can change Категория	34	change_category
69	Can delete Категория	34	delete_category
70	Can view Категория	34	view_category
71	Can add Подкатегория	35	add_subcategory
72	Can change Подкатегория	35	change_subcategory
73	Can delete Подкатегория	35	delete_subcategory
74	Can view Подкатегория	35	view_subcategory
75	Can add Подгруппа товаров	36	add_subgroup
76	Can change Подгруппа товаров	36	change_subgroup
77	Can delete Подгруппа товаров	36	delete_subgroup
78	Can view Подгруппа товаров	36	view_subgroup
79	Can add Группа товаров	37	add_group
80	Can change Группа товаров	37	change_group
81	Can delete Группа товаров	37	delete_group
82	Can view Группа товаров	37	view_group
\.


--
-- Data for Name: django_admin_log; Type: TABLE DATA; Schema: public; Owner: agaba_user
--

COPY public.django_admin_log (id, action_time, object_id, object_repr, action_flag, change_message, content_type_id, user_id) FROM stdin;
1	2024-11-14 10:55:34.448948+03	1	Масса: 20 т	1	[{"added": {}}]	8	1
2	2024-11-14 10:55:47.736009+03	2	Мощность: 500 лс	1	[{"added": {}}]	8	1
3	2024-11-15 03:44:05.46681+03	1	ytryrtyer - eryeryreytr	1	[{"added": {}}]	6	1
4	2024-11-15 03:44:59.446089+03	1	ytryrtyer - eryeryreytr	2	[{"changed": {"fields": ["\\u0421\\u0441\\u044b\\u043b\\u043a\\u0430"]}}]	6	1
5	2024-11-15 03:46:59.392317+03	1	ytryrtyer - eryeryreytr	2	[{"added": {"name": "\\u0418\\u0437\\u043e\\u0431\\u0440\\u0430\\u0436\\u0435\\u043d\\u0438\\u0435 \\u0442\\u043e\\u0432\\u0430\\u0440\\u0430", "object": "f64ed3c3a2ba4000acf22a0346160e47.png"}}]	6	1
6	2024-11-15 03:50:01.132733+03	1	ytryrtyer - eryeryreytr	3		6	1
7	2024-11-15 04:06:29.500511+03	2	werwer - wqerwerwe	1	[{"added": {}}]	6	1
8	2024-11-15 04:08:02.423314+03	3	erterret - wqerwerwe	1	[{"added": {}}, {"added": {"name": "\\u0418\\u0437\\u043e\\u0431\\u0440\\u0430\\u0436\\u0435\\u043d\\u0438\\u0435 \\u0442\\u043e\\u0432\\u0430\\u0440\\u0430", "object": "decefcf3b4fa48f8826e78b917c1d053.png"}}]	6	1
9	2024-11-15 04:11:04.329643+03	4	Volvo - Трахтор Volvo T1000	1	[{"added": {}}]	6	1
10	2024-11-15 04:17:16.975039+03	5	ewger - Трахтор Volvo T1000	1	[{"added": {}}, {"added": {"name": "\\u0418\\u0437\\u043e\\u0431\\u0440\\u0430\\u0436\\u0435\\u043d\\u0438\\u0435 \\u0442\\u043e\\u0432\\u0430\\u0440\\u0430", "object": "decefcf3b4fa48f8826e78b917c1d053.png"}}]	6	1
11	2024-11-15 04:34:58.730397+03	2	werwer - wqerwerwe	2	[{"added": {"name": "\\u0418\\u0437\\u043e\\u0431\\u0440\\u0430\\u0436\\u0435\\u043d\\u0438\\u0435 \\u0442\\u043e\\u0432\\u0430\\u0440\\u0430", "object": "decefcf3b4fa48f8826e78b917c1d053.png"}}]	6	1
12	2024-11-15 04:35:33.274093+03	4	Volvo - Трахтор Volvo T1000	2	[{"added": {"name": "\\u0418\\u0437\\u043e\\u0431\\u0440\\u0430\\u0436\\u0435\\u043d\\u0438\\u0435 \\u0442\\u043e\\u0432\\u0430\\u0440\\u0430", "object": "decefcf3b4fa48f8826e78b917c1d053.png"}}]	6	1
13	2024-11-15 05:55:40.145715+03	6	ewfwef - ewfewgerhgrthyh	1	[{"added": {}}, {"added": {"name": "\\u0418\\u0437\\u043e\\u0431\\u0440\\u0430\\u0436\\u0435\\u043d\\u0438\\u0435 \\u0442\\u043e\\u0432\\u0430\\u0440\\u0430", "object": "05a8be9973934375bced48734d6554a2.png"}}]	6	1
14	2024-11-15 06:06:57.539653+03	7	tryeryery - ertretret	1	[{"added": {}}, {"added": {"name": "\\u0418\\u0437\\u043e\\u0431\\u0440\\u0430\\u0436\\u0435\\u043d\\u0438\\u0435 \\u0442\\u043e\\u0432\\u0430\\u0440\\u0430", "object": "831e50758cd246d293073b35db30ea88.png"}}]	6	1
15	2024-11-15 06:11:02.536883+03	8	rewrwrwe - ewrwerew	1	[{"added": {}}, {"added": {"name": "\\u0418\\u0437\\u043e\\u0431\\u0440\\u0430\\u0436\\u0435\\u043d\\u0438\\u0435 \\u0442\\u043e\\u0432\\u0430\\u0440\\u0430", "object": "61cebefc1c8745d7831f379495182934.png"}}]	6	1
16	2024-11-15 06:11:21.354531+03	9	hvyhvyv - gyyvy	1	[{"added": {}}, {"added": {"name": "\\u0418\\u0437\\u043e\\u0431\\u0440\\u0430\\u0436\\u0435\\u043d\\u0438\\u0435 \\u0442\\u043e\\u0432\\u0430\\u0440\\u0430", "object": "14e106cc6f334ac6b00a3bfa90c8318f.png"}}]	6	1
17	2024-11-15 06:48:45.163746+03	1	Сельхоз техника	1	[{"added": {}}]	34	1
18	2024-11-15 07:04:46.528917+03	1	werwerewe	1	[{"added": {}}]	37	1
19	2024-11-15 07:04:54.370131+03	1	ewrewrewr	1	[{"added": {}}]	36	1
20	2024-11-15 07:04:57.636549+03	6	ewfwef - ewfewgerhgrthyh	2	[{"changed": {"fields": ["\\u0413\\u0440\\u0443\\u043f\\u043f\\u0430", "\\u041f\\u043e\\u0434\\u0433\\u0440\\u0443\\u043f\\u043f\\u0430"]}}]	6	1
21	2024-11-15 07:15:50.56415+03	1	werwerewe	2	[{"changed": {"fields": ["\\u0418\\u0437\\u043e\\u0431\\u0440\\u0430\\u0436\\u0435\\u043d\\u0438\\u0435"]}}]	37	1
22	2024-11-15 07:26:10.806508+03	1	Коммерческий транспорт	2	[{"changed": {"fields": ["\\u041d\\u0430\\u0437\\u0432\\u0430\\u043d\\u0438\\u0435 \\u0433\\u0440\\u0443\\u043f\\u043f\\u044b"]}}]	37	1
23	2024-11-15 07:26:17.494271+03	1	Коммерческий транспорт	3		37	1
24	2024-11-15 07:27:25.034175+03	2	Коммерческий транспорт	1	[{"added": {}}]	37	1
25	2024-11-15 07:27:56.68356+03	2	Коммерческий транспорт	2	[]	37	1
26	2024-11-15 07:29:25.670378+03	3	Строительная техника	1	[{"added": {}}]	37	1
27	2024-11-15 07:30:10.730563+03	4	Коммунальная техника	1	[{"added": {}}]	37	1
28	2024-11-15 07:30:40.962632+03	5	Сельхозтехника	1	[{"added": {}}]	37	1
29	2024-11-15 07:31:22.356286+03	6	Складская техника	1	[{"added": {}}]	37	1
30	2024-11-15 07:32:12.746498+03	7	Мотоциклы и мототехника	1	[{"added": {}}]	37	1
31	2024-11-15 07:32:45.484533+03	8	Автомобили	1	[{"added": {}}]	37	1
32	2024-11-15 07:38:10.57811+03	2	Бульдозеры	1	[{"added": {}}]	36	1
33	2024-11-15 07:39:01.124259+03	3	Экскаваторы	1	[{"added": {}}]	36	1
34	2024-11-15 07:39:57.175598+03	4	Катки	1	[{"added": {}}]	36	1
35	2024-11-15 07:40:31.345617+03	5	Бетононасосы	1	[{"added": {}}]	36	1
36	2024-11-15 08:19:33.100184+03	8	Автомобили+	2	[{"changed": {"fields": ["\\u041d\\u0430\\u0437\\u0432\\u0430\\u043d\\u0438\\u0435 \\u0433\\u0440\\u0443\\u043f\\u043f\\u044b"]}}]	37	1
37	2024-11-15 08:19:56.481443+03	8	Автомобили	2	[{"changed": {"fields": ["\\u041d\\u0430\\u0437\\u0432\\u0430\\u043d\\u0438\\u0435 \\u0433\\u0440\\u0443\\u043f\\u043f\\u044b"]}}]	37	1
38	2024-11-15 09:06:34.763384+03	9	hvyhvyv - gyyvy	2	[{"changed": {"fields": ["\\u0413\\u0440\\u0443\\u043f\\u043f\\u0430", "\\u041f\\u043e\\u0434\\u0433\\u0440\\u0443\\u043f\\u043f\\u0430"]}}]	6	1
39	2024-11-15 09:12:51.007934+03	5	ewger - Трахтор Volvo T1000	2	[{"changed": {"fields": ["\\u0413\\u0440\\u0443\\u043f\\u043f\\u0430"]}}]	6	1
40	2024-11-15 13:38:42.804183+03	1	Опция_1: 10000	1	[{"added": {}}]	9	1
41	2024-11-15 13:38:54.164075+03	2	Опция_2: 33333	1	[{"added": {}}]	9	1
42	2024-11-15 13:38:55.556253+03	4	Volvo - Трахтор Volvo T1000	2	[{"added": {"name": "\\u0421\\u0432\\u044f\\u0437\\u044c product-additionaloption", "object": "Product_additional_options object (1)"}}, {"added": {"name": "\\u0421\\u0432\\u044f\\u0437\\u044c product-additionaloption", "object": "Product_additional_options object (2)"}}]	6	1
43	2024-11-22 01:09:10.346736+03	4	Volvo - Трахтор Volvo T1000	2	[{"added": {"name": "\\u0414\\u043e\\u043a\\u0443\\u043c\\u0435\\u043d\\u0442 \\u043e \\u0442\\u043e\\u0432\\u0430\\u0440\\u0435", "object": "c799109d5e31470e8693d5668fe00eb3.docx"}}, {"added": {"name": "\\u0414\\u043e\\u043a\\u0443\\u043c\\u0435\\u043d\\u0442 \\u043e \\u0442\\u043e\\u0432\\u0430\\u0440\\u0435", "object": "5cdb799af7214ff5b15d87a83363f57c.docx"}}]	6	1
44	2024-11-22 01:23:14.375016+03	4	Volvo - Трахтор Volvo T1000	2	[{"changed": {"name": "\\u0414\\u043e\\u043a\\u0443\\u043c\\u0435\\u043d\\u0442 \\u043e \\u0442\\u043e\\u0432\\u0430\\u0440\\u0435", "object": "2c35e7bc389d4c74bba9adb02980596d.docx", "fields": ["Doc"]}}]	6	1
45	2024-11-22 01:23:36.047825+03	4	Volvo - Трахтор Volvo T1000	2	[{"changed": {"name": "\\u0414\\u043e\\u043a\\u0443\\u043c\\u0435\\u043d\\u0442 \\u043e \\u0442\\u043e\\u0432\\u0430\\u0440\\u0435", "object": "2c35e7bc389d4c74bba9adb02980596d.docx", "fields": ["\\u041d\\u0430\\u0438\\u043c\\u0435\\u043d\\u043e\\u0432\\u0430\\u043d\\u0438\\u0435"]}}]	6	1
46	2024-11-22 01:24:02.261239+03	4	Volvo - Трахтор Volvo T1000	2	[{"changed": {"name": "\\u0414\\u043e\\u043a\\u0443\\u043c\\u0435\\u043d\\u0442 \\u043e \\u0442\\u043e\\u0432\\u0430\\u0440\\u0435", "object": "5cdb799af7214ff5b15d87a83363f57c.docx", "fields": ["\\u041d\\u0430\\u0438\\u043c\\u0435\\u043d\\u043e\\u0432\\u0430\\u043d\\u0438\\u0435"]}}]	6	1
47	2024-11-22 01:24:39.877852+03	4	Volvo - Трахтор Volvo T1000	2	[{"added": {"name": "\\u0414\\u043e\\u043a\\u0443\\u043c\\u0435\\u043d\\u0442 \\u043e \\u0442\\u043e\\u0432\\u0430\\u0440\\u0435", "object": "29884a498fdc4e0487339bd0eeffc8ee.docx"}}]	6	1
48	2024-11-22 01:24:48.881787+03	4	Volvo - Трахтор Volvo T1000	2	[]	6	1
49	2024-11-22 01:28:06.352978+03	4	Volvo - Трахтор Volvo T1000	2	[{"added": {"name": "\\u0414\\u043e\\u043a\\u0443\\u043c\\u0435\\u043d\\u0442 \\u043e \\u0442\\u043e\\u0432\\u0430\\u0440\\u0435", "object": "4d18de39d3ce4bfaa2fd939d949e062e.docx"}}]	6	1
50	2024-11-22 01:30:35.100838+03	4	Volvo - Трахтор Volvo T1000	2	[{"added": {"name": "\\u0414\\u043e\\u043a\\u0443\\u043c\\u0435\\u043d\\u0442 \\u043e \\u0442\\u043e\\u0432\\u0430\\u0440\\u0435", "object": "f7a8516f501748f08370ee9e9b398aff.docx"}}, {"deleted": {"name": "\\u0414\\u043e\\u043a\\u0443\\u043c\\u0435\\u043d\\u0442 \\u043e \\u0442\\u043e\\u0432\\u0430\\u0440\\u0435", "object": "2c35e7bc389d4c74bba9adb02980596d.docx"}}, {"deleted": {"name": "\\u0414\\u043e\\u043a\\u0443\\u043c\\u0435\\u043d\\u0442 \\u043e \\u0442\\u043e\\u0432\\u0430\\u0440\\u0435", "object": "5cdb799af7214ff5b15d87a83363f57c.docx"}}]	6	1
51	2024-11-22 01:30:57.876296+03	4	Volvo - Трахтор Volvo T1000	2	[{"added": {"name": "\\u0414\\u043e\\u043a\\u0443\\u043c\\u0435\\u043d\\u0442 \\u043e \\u0442\\u043e\\u0432\\u0430\\u0440\\u0435", "object": "93b4503d911b484b8fc428e917814b82.docx"}}]	6	1
\.


--
-- Data for Name: django_content_type; Type: TABLE DATA; Schema: public; Owner: agaba_user
--

COPY public.django_content_type (id, app_label, model) FROM stdin;
1	admin	logentry
2	auth	permission
3	auth	group
4	contenttypes	contenttype
5	sessions	session
6	website	product
7	website	productimage
8	website	charactitem
9	website	additionaloption
10	website	productdocument
11	account	customuser
34	website	category
35	website	subcategory
36	website	subgroup
37	website	group
\.


--
-- Data for Name: django_migrations; Type: TABLE DATA; Schema: public; Owner: agaba_user
--

COPY public.django_migrations (id, app, name, applied) FROM stdin;
1	contenttypes	0001_initial	2024-11-14 03:56:30.624376+03
2	contenttypes	0002_remove_content_type_name	2024-11-14 03:56:30.630011+03
3	auth	0001_initial	2024-11-14 03:56:30.667622+03
4	auth	0002_alter_permission_name_max_length	2024-11-14 03:56:30.671359+03
5	auth	0003_alter_user_email_max_length	2024-11-14 03:56:30.674828+03
6	auth	0004_alter_user_username_opts	2024-11-14 03:56:30.678471+03
7	auth	0005_alter_user_last_login_null	2024-11-14 03:56:30.682126+03
8	auth	0006_require_contenttypes_0002	2024-11-14 03:56:30.683774+03
9	auth	0007_alter_validators_add_error_messages	2024-11-14 03:56:30.687826+03
10	auth	0008_alter_user_username_max_length	2024-11-14 03:56:30.693479+03
11	auth	0009_alter_user_last_name_max_length	2024-11-14 03:56:30.697321+03
12	auth	0010_alter_group_name_max_length	2024-11-14 03:56:30.702777+03
13	auth	0011_update_proxy_permissions	2024-11-14 03:56:30.708322+03
14	auth	0012_alter_user_first_name_max_length	2024-11-14 03:56:30.713096+03
15	account	0001_initial	2024-11-14 03:56:30.750685+03
16	admin	0001_initial	2024-11-14 03:56:30.771953+03
17	admin	0002_logentry_remove_auto_add	2024-11-14 03:56:30.776464+03
18	admin	0003_logentry_add_action_flag_choices	2024-11-14 03:56:30.781633+03
19	sessions	0001_initial	2024-11-14 03:56:30.795244+03
20	website	0001_initial	2024-11-14 03:56:30.830946+03
21	website	0002_rename_characteristic_charactitem_and_more	2024-11-14 03:56:30.852625+03
22	website	0003_additionaloption_product_charact_text_and_more	2024-11-14 03:56:30.882987+03
23	website	0004_alter_additionaloption_options_and_more	2024-11-14 03:56:30.917419+03
24	website	0005_alter_charactitem_options_and_more	2024-11-14 03:56:30.927592+03
25	website	0006_product_link	2024-11-14 03:56:30.932349+03
26	website	0007_alter_product_link	2024-11-14 03:56:30.936958+03
27	website	0008_alter_product_link	2024-11-14 03:56:43.086741+03
34	website	0009_product_author_product_date_created	2024-11-15 06:06:09.89892+03
35	website	0010_category_product_category_subcategory_and_more	2024-11-15 06:47:09.057834+03
36	website	0011_group_remove_product_category_and_more	2024-11-15 07:03:53.67129+03
37	website	0012_group_image_subgroup_image	2024-11-15 07:15:16.082947+03
38	website	0013_productdocument_name	2024-11-22 01:21:40.206011+03
39	website	0014_alter_productdocument_name	2024-11-22 01:29:25.826014+03
\.


--
-- Data for Name: django_session; Type: TABLE DATA; Schema: public; Owner: agaba_user
--

COPY public.django_session (session_key, session_data, expire_date) FROM stdin;
5gz5gwka2kdibfjnc42g3ibptucptjg6	.eJxtjktuxCAQRO_C2rKgbTDMMvucIIpQ83FMjGCEsaPRKHcPlrwZKcuqel1dT1K89anGhz6C__FO30t2u60buX3wbuyGDj47onGvi943X3Rw5EYYefEM2tWnM3DfmL5yb3OqJZj-RPor3fr37Hx8u9iXggW35az1MDE3wwBKWMbkbIQEY0eYpUArOEWJyNUkTwjk4NxghVCGIadmUryVXvN1DGltjbXgutRc9JHjkXVllNJG5eLa13sJ1jdIjXSA5qY9xia54ko0-e9tG0lBgSK_f3pmZc8:1tEFkW:Gwsza3-0i9p0oy02vZKJ_vdRTr0MZhfJRyK9Wbeuv_4	2024-12-06 01:34:08.721371+03
\.


--
-- Data for Name: website_additionaloption; Type: TABLE DATA; Schema: public; Owner: agaba_user
--

COPY public.website_additionaloption (id, name, price) FROM stdin;
1	Опция_1	10000.00
2	Опция_2	33333.00
\.


--
-- Data for Name: website_charactitem; Type: TABLE DATA; Schema: public; Owner: agaba_user
--

COPY public.website_charactitem (id, name, value) FROM stdin;
1	Масса	20 т
2	Мощность	500 лс
\.


--
-- Data for Name: website_group; Type: TABLE DATA; Schema: public; Owner: agaba_user
--

COPY public.website_group (id, name, link, image) FROM stdin;
2	Коммерческий транспорт	kommercheskij-transport	group_images/i.webp
3	Строительная техника	stroitelnaya-tehnika	group_images/i_1.webp
4	Коммунальная техника	kommunalnaya-tehnika	group_images/i_2.webp
5	Сельхозтехника	selhoztehnika	group_images/i_3.webp
6	Складская техника	skladskaya-tehnika	group_images/i_4.webp
7	Мотоциклы и мототехника	motocikly-i-mototehnika	group_images/i_5.webp
8	Автомобили	avtomobili	group_images/i_6.webp
\.


--
-- Data for Name: website_product; Type: TABLE DATA; Schema: public; Owner: agaba_user
--

COPY public.website_product (id, brand, name, cur_price, old_price, charact_text, description, link, author_id, date_created, group_id, subgroup_id) FROM stdin;
3	erterret	wqerwerwe	0.04	51515.00	wqqwd	wdwqdwq	wqerwerwe_Fdm1Z	\N	2024-11-15 06:06:09.883692+03	\N	\N
2	werwer	wqerwerwe	1454854.00	54541854.00	uhuu	kjnuihuh	wqerwerwe	\N	2024-11-15 06:06:09.883692+03	\N	\N
7	tryeryery	ertretret	54646.00	15154.00	jhiuhvyhfv	buyhgvygyt	ertretret 38203	1	2024-11-15 06:06:30+03	\N	\N
8	rewrwrwe	ewrwerew	6566.00	161616.00	jhbu	buyb	ewrwerew 38564	1	2024-11-15 06:10:00+03	\N	\N
6	ewfwef	ewfewgerhgrthyh	3656.00	6265165145.00	huhu	huh	ewfewgerhgrthyh 16095	1	2024-11-15 06:06:09+03	\N	\N
9	hvyhvyv	gyyvy	2648.00	64646.00	knijnuj	bujhbuhu	gyyvy 15811	1	2024-11-15 06:11:04+03	3	4
5	ewger	Трахтор Volvo T1000	56262.00	2626262.00	dwqdfqdwqef	efwefwefew	trakhtor-volvo-t1000	1	2024-11-15 06:06:09+03	5	\N
4	Volvo	Трахтор Volvo T1000	59596.00	3626.00	yg	ytfgtf	trakhtor_volvo_t1000	1	2024-11-15 06:06:09+03	\N	\N
\.


--
-- Data for Name: website_product_additional_options; Type: TABLE DATA; Schema: public; Owner: agaba_user
--

COPY public.website_product_additional_options (id, product_id, additionaloption_id) FROM stdin;
1	4	1
2	4	2
\.


--
-- Data for Name: website_product_charact_list; Type: TABLE DATA; Schema: public; Owner: agaba_user
--

COPY public.website_product_charact_list (id, product_id, charactitem_id) FROM stdin;
\.


--
-- Data for Name: website_productdocument; Type: TABLE DATA; Schema: public; Owner: agaba_user
--

COPY public.website_productdocument (id, doc, doc_hash, product_id, name) FROM stdin;
3	29884a498fdc4e0487339bd0eeffc8ee.docx	0223a1204875e10ae8281b3cd4abe221	4	12.Иск о расторжении брака .docx
4	4d18de39d3ce4bfaa2fd939d949e062e.docx	445ea5e713991887c9ee6f4af55f46ee	4	08.Договор подряда.docx
5	f7a8516f501748f08370ee9e9b398aff.docx	5e78103294db78ce5928419c45a6d42b	4	07.Договор аренды квартиры .docx
6	93b4503d911b484b8fc428e917814b82.docx	50986bbfacd6ccf4260079e2d869ea90	4	10.Иск о разделе имущества.docx
\.


--
-- Data for Name: website_productimage; Type: TABLE DATA; Schema: public; Owner: agaba_user
--

COPY public.website_productimage (id, image, image_hash, product_id) FROM stdin;
2	decefcf3b4fa48f8826e78b917c1d053.png	5b246cc7c2ac5c172f19884236c8f5a9	3
3	decefcf3b4fa48f8826e78b917c1d053.png	5b246cc7c2ac5c172f19884236c8f5a9	5
4	decefcf3b4fa48f8826e78b917c1d053.png	5b246cc7c2ac5c172f19884236c8f5a9	2
5	decefcf3b4fa48f8826e78b917c1d053.png	5b246cc7c2ac5c172f19884236c8f5a9	4
6	05a8be9973934375bced48734d6554a2.png	2e699255b4901dbfc93c2cb1a31818bc	6
7	831e50758cd246d293073b35db30ea88.png	4adef75855954156d2a99a046fb15680	7
8	61cebefc1c8745d7831f379495182934.png	944767008c5ab0af7e404d76f90ce7ae	8
9	14e106cc6f334ac6b00a3bfa90c8318f.png	e4f1dd9fcc2bc5bbf794381c2e929090	9
\.


--
-- Data for Name: website_subgroup; Type: TABLE DATA; Schema: public; Owner: agaba_user
--

COPY public.website_subgroup (id, name, link, group_id, image) FROM stdin;
2	Бульдозеры	buldozery	3	subgroup_images/i_7.webp
3	Экскаваторы	ekskavatory	3	subgroup_images/i_8.webp
4	Катки	katki	3	subgroup_images/i_9.webp
5	Бетононасосы	betononasosy	3	subgroup_images/i_10.webp
\.


--
-- Name: account_customuser_groups_id_seq; Type: SEQUENCE SET; Schema: public; Owner: agaba_user
--

SELECT pg_catalog.setval('public.account_customuser_groups_id_seq', 1, false);


--
-- Name: account_customuser_id_seq; Type: SEQUENCE SET; Schema: public; Owner: agaba_user
--

SELECT pg_catalog.setval('public.account_customuser_id_seq', 37, true);


--
-- Name: account_customuser_user_permissions_id_seq; Type: SEQUENCE SET; Schema: public; Owner: agaba_user
--

SELECT pg_catalog.setval('public.account_customuser_user_permissions_id_seq', 1, false);


--
-- Name: auth_group_id_seq; Type: SEQUENCE SET; Schema: public; Owner: agaba_user
--

SELECT pg_catalog.setval('public.auth_group_id_seq', 1, false);


--
-- Name: auth_group_permissions_id_seq; Type: SEQUENCE SET; Schema: public; Owner: agaba_user
--

SELECT pg_catalog.setval('public.auth_group_permissions_id_seq', 1, false);


--
-- Name: auth_permission_id_seq; Type: SEQUENCE SET; Schema: public; Owner: agaba_user
--

SELECT pg_catalog.setval('public.auth_permission_id_seq', 82, true);


--
-- Name: django_admin_log_id_seq; Type: SEQUENCE SET; Schema: public; Owner: agaba_user
--

SELECT pg_catalog.setval('public.django_admin_log_id_seq', 51, true);


--
-- Name: django_content_type_id_seq; Type: SEQUENCE SET; Schema: public; Owner: agaba_user
--

SELECT pg_catalog.setval('public.django_content_type_id_seq', 37, true);


--
-- Name: django_migrations_id_seq; Type: SEQUENCE SET; Schema: public; Owner: agaba_user
--

SELECT pg_catalog.setval('public.django_migrations_id_seq', 39, true);


--
-- Name: website_additionaloption_id_seq; Type: SEQUENCE SET; Schema: public; Owner: agaba_user
--

SELECT pg_catalog.setval('public.website_additionaloption_id_seq', 2, true);


--
-- Name: website_characteristic_id_seq; Type: SEQUENCE SET; Schema: public; Owner: agaba_user
--

SELECT pg_catalog.setval('public.website_characteristic_id_seq', 2, true);


--
-- Name: website_group_id_seq; Type: SEQUENCE SET; Schema: public; Owner: agaba_user
--

SELECT pg_catalog.setval('public.website_group_id_seq', 8, true);


--
-- Name: website_product_additional_options_id_seq; Type: SEQUENCE SET; Schema: public; Owner: agaba_user
--

SELECT pg_catalog.setval('public.website_product_additional_options_id_seq', 2, true);


--
-- Name: website_product_characteristics_id_seq; Type: SEQUENCE SET; Schema: public; Owner: agaba_user
--

SELECT pg_catalog.setval('public.website_product_characteristics_id_seq', 1, false);


--
-- Name: website_product_id_seq; Type: SEQUENCE SET; Schema: public; Owner: agaba_user
--

SELECT pg_catalog.setval('public.website_product_id_seq', 9, true);


--
-- Name: website_productdocument_id_seq; Type: SEQUENCE SET; Schema: public; Owner: agaba_user
--

SELECT pg_catalog.setval('public.website_productdocument_id_seq', 6, true);


--
-- Name: website_productimage_id_seq; Type: SEQUENCE SET; Schema: public; Owner: agaba_user
--

SELECT pg_catalog.setval('public.website_productimage_id_seq', 9, true);


--
-- Name: website_subgroup_id_seq; Type: SEQUENCE SET; Schema: public; Owner: agaba_user
--

SELECT pg_catalog.setval('public.website_subgroup_id_seq', 5, true);


--
-- Name: account_customuser_groups account_customuser_groups_customuser_id_group_id_7e51db7b_uniq; Type: CONSTRAINT; Schema: public; Owner: agaba_user
--

ALTER TABLE ONLY public.account_customuser_groups
    ADD CONSTRAINT account_customuser_groups_customuser_id_group_id_7e51db7b_uniq UNIQUE (customuser_id, group_id);


--
-- Name: account_customuser_groups account_customuser_groups_pkey; Type: CONSTRAINT; Schema: public; Owner: agaba_user
--

ALTER TABLE ONLY public.account_customuser_groups
    ADD CONSTRAINT account_customuser_groups_pkey PRIMARY KEY (id);


--
-- Name: account_customuser account_customuser_pkey; Type: CONSTRAINT; Schema: public; Owner: agaba_user
--

ALTER TABLE ONLY public.account_customuser
    ADD CONSTRAINT account_customuser_pkey PRIMARY KEY (id);


--
-- Name: account_customuser_user_permissions account_customuser_user__customuser_id_permission_650e378f_uniq; Type: CONSTRAINT; Schema: public; Owner: agaba_user
--

ALTER TABLE ONLY public.account_customuser_user_permissions
    ADD CONSTRAINT account_customuser_user__customuser_id_permission_650e378f_uniq UNIQUE (customuser_id, permission_id);


--
-- Name: account_customuser_user_permissions account_customuser_user_permissions_pkey; Type: CONSTRAINT; Schema: public; Owner: agaba_user
--

ALTER TABLE ONLY public.account_customuser_user_permissions
    ADD CONSTRAINT account_customuser_user_permissions_pkey PRIMARY KEY (id);


--
-- Name: account_customuser account_customuser_username_key; Type: CONSTRAINT; Schema: public; Owner: agaba_user
--

ALTER TABLE ONLY public.account_customuser
    ADD CONSTRAINT account_customuser_username_key UNIQUE (username);


--
-- Name: auth_group auth_group_name_key; Type: CONSTRAINT; Schema: public; Owner: agaba_user
--

ALTER TABLE ONLY public.auth_group
    ADD CONSTRAINT auth_group_name_key UNIQUE (name);


--
-- Name: auth_group_permissions auth_group_permissions_group_id_permission_id_0cd325b0_uniq; Type: CONSTRAINT; Schema: public; Owner: agaba_user
--

ALTER TABLE ONLY public.auth_group_permissions
    ADD CONSTRAINT auth_group_permissions_group_id_permission_id_0cd325b0_uniq UNIQUE (group_id, permission_id);


--
-- Name: auth_group_permissions auth_group_permissions_pkey; Type: CONSTRAINT; Schema: public; Owner: agaba_user
--

ALTER TABLE ONLY public.auth_group_permissions
    ADD CONSTRAINT auth_group_permissions_pkey PRIMARY KEY (id);


--
-- Name: auth_group auth_group_pkey; Type: CONSTRAINT; Schema: public; Owner: agaba_user
--

ALTER TABLE ONLY public.auth_group
    ADD CONSTRAINT auth_group_pkey PRIMARY KEY (id);


--
-- Name: auth_permission auth_permission_content_type_id_codename_01ab375a_uniq; Type: CONSTRAINT; Schema: public; Owner: agaba_user
--

ALTER TABLE ONLY public.auth_permission
    ADD CONSTRAINT auth_permission_content_type_id_codename_01ab375a_uniq UNIQUE (content_type_id, codename);


--
-- Name: auth_permission auth_permission_pkey; Type: CONSTRAINT; Schema: public; Owner: agaba_user
--

ALTER TABLE ONLY public.auth_permission
    ADD CONSTRAINT auth_permission_pkey PRIMARY KEY (id);


--
-- Name: django_admin_log django_admin_log_pkey; Type: CONSTRAINT; Schema: public; Owner: agaba_user
--

ALTER TABLE ONLY public.django_admin_log
    ADD CONSTRAINT django_admin_log_pkey PRIMARY KEY (id);


--
-- Name: django_content_type django_content_type_app_label_model_76bd3d3b_uniq; Type: CONSTRAINT; Schema: public; Owner: agaba_user
--

ALTER TABLE ONLY public.django_content_type
    ADD CONSTRAINT django_content_type_app_label_model_76bd3d3b_uniq UNIQUE (app_label, model);


--
-- Name: django_content_type django_content_type_pkey; Type: CONSTRAINT; Schema: public; Owner: agaba_user
--

ALTER TABLE ONLY public.django_content_type
    ADD CONSTRAINT django_content_type_pkey PRIMARY KEY (id);


--
-- Name: django_migrations django_migrations_pkey; Type: CONSTRAINT; Schema: public; Owner: agaba_user
--

ALTER TABLE ONLY public.django_migrations
    ADD CONSTRAINT django_migrations_pkey PRIMARY KEY (id);


--
-- Name: django_session django_session_pkey; Type: CONSTRAINT; Schema: public; Owner: agaba_user
--

ALTER TABLE ONLY public.django_session
    ADD CONSTRAINT django_session_pkey PRIMARY KEY (session_key);


--
-- Name: website_additionaloption website_additionaloption_pkey; Type: CONSTRAINT; Schema: public; Owner: agaba_user
--

ALTER TABLE ONLY public.website_additionaloption
    ADD CONSTRAINT website_additionaloption_pkey PRIMARY KEY (id);


--
-- Name: website_charactitem website_characteristic_pkey; Type: CONSTRAINT; Schema: public; Owner: agaba_user
--

ALTER TABLE ONLY public.website_charactitem
    ADD CONSTRAINT website_characteristic_pkey PRIMARY KEY (id);


--
-- Name: website_group website_group_link_key; Type: CONSTRAINT; Schema: public; Owner: agaba_user
--

ALTER TABLE ONLY public.website_group
    ADD CONSTRAINT website_group_link_key UNIQUE (link);


--
-- Name: website_group website_group_pkey; Type: CONSTRAINT; Schema: public; Owner: agaba_user
--

ALTER TABLE ONLY public.website_group
    ADD CONSTRAINT website_group_pkey PRIMARY KEY (id);


--
-- Name: website_product_additional_options website_product_addition_product_id_additionalopt_baf49f73_uniq; Type: CONSTRAINT; Schema: public; Owner: agaba_user
--

ALTER TABLE ONLY public.website_product_additional_options
    ADD CONSTRAINT website_product_addition_product_id_additionalopt_baf49f73_uniq UNIQUE (product_id, additionaloption_id);


--
-- Name: website_product_additional_options website_product_additional_options_pkey; Type: CONSTRAINT; Schema: public; Owner: agaba_user
--

ALTER TABLE ONLY public.website_product_additional_options
    ADD CONSTRAINT website_product_additional_options_pkey PRIMARY KEY (id);


--
-- Name: website_product_charact_list website_product_characte_product_id_characteristi_339fa7fc_uniq; Type: CONSTRAINT; Schema: public; Owner: agaba_user
--

ALTER TABLE ONLY public.website_product_charact_list
    ADD CONSTRAINT website_product_characte_product_id_characteristi_339fa7fc_uniq UNIQUE (product_id, charactitem_id);


--
-- Name: website_product_charact_list website_product_characteristics_pkey; Type: CONSTRAINT; Schema: public; Owner: agaba_user
--

ALTER TABLE ONLY public.website_product_charact_list
    ADD CONSTRAINT website_product_characteristics_pkey PRIMARY KEY (id);


--
-- Name: website_product website_product_pkey; Type: CONSTRAINT; Schema: public; Owner: agaba_user
--

ALTER TABLE ONLY public.website_product
    ADD CONSTRAINT website_product_pkey PRIMARY KEY (id);


--
-- Name: website_productdocument website_productdocument_pkey; Type: CONSTRAINT; Schema: public; Owner: agaba_user
--

ALTER TABLE ONLY public.website_productdocument
    ADD CONSTRAINT website_productdocument_pkey PRIMARY KEY (id);


--
-- Name: website_productimage website_productimage_pkey; Type: CONSTRAINT; Schema: public; Owner: agaba_user
--

ALTER TABLE ONLY public.website_productimage
    ADD CONSTRAINT website_productimage_pkey PRIMARY KEY (id);


--
-- Name: website_subgroup website_subgroup_link_key; Type: CONSTRAINT; Schema: public; Owner: agaba_user
--

ALTER TABLE ONLY public.website_subgroup
    ADD CONSTRAINT website_subgroup_link_key UNIQUE (link);


--
-- Name: website_subgroup website_subgroup_pkey; Type: CONSTRAINT; Schema: public; Owner: agaba_user
--

ALTER TABLE ONLY public.website_subgroup
    ADD CONSTRAINT website_subgroup_pkey PRIMARY KEY (id);


--
-- Name: account_customuser_groups_customuser_id_b6c60904; Type: INDEX; Schema: public; Owner: agaba_user
--

CREATE INDEX account_customuser_groups_customuser_id_b6c60904 ON public.account_customuser_groups USING btree (customuser_id);


--
-- Name: account_customuser_groups_group_id_2be9f6d7; Type: INDEX; Schema: public; Owner: agaba_user
--

CREATE INDEX account_customuser_groups_group_id_2be9f6d7 ON public.account_customuser_groups USING btree (group_id);


--
-- Name: account_customuser_user_permissions_customuser_id_03bcc114; Type: INDEX; Schema: public; Owner: agaba_user
--

CREATE INDEX account_customuser_user_permissions_customuser_id_03bcc114 ON public.account_customuser_user_permissions USING btree (customuser_id);


--
-- Name: account_customuser_user_permissions_permission_id_f4aec423; Type: INDEX; Schema: public; Owner: agaba_user
--

CREATE INDEX account_customuser_user_permissions_permission_id_f4aec423 ON public.account_customuser_user_permissions USING btree (permission_id);


--
-- Name: account_customuser_username_724ae020_like; Type: INDEX; Schema: public; Owner: agaba_user
--

CREATE INDEX account_customuser_username_724ae020_like ON public.account_customuser USING btree (username varchar_pattern_ops);


--
-- Name: auth_group_name_a6ea08ec_like; Type: INDEX; Schema: public; Owner: agaba_user
--

CREATE INDEX auth_group_name_a6ea08ec_like ON public.auth_group USING btree (name varchar_pattern_ops);


--
-- Name: auth_group_permissions_group_id_b120cbf9; Type: INDEX; Schema: public; Owner: agaba_user
--

CREATE INDEX auth_group_permissions_group_id_b120cbf9 ON public.auth_group_permissions USING btree (group_id);


--
-- Name: auth_group_permissions_permission_id_84c5c92e; Type: INDEX; Schema: public; Owner: agaba_user
--

CREATE INDEX auth_group_permissions_permission_id_84c5c92e ON public.auth_group_permissions USING btree (permission_id);


--
-- Name: auth_permission_content_type_id_2f476e4b; Type: INDEX; Schema: public; Owner: agaba_user
--

CREATE INDEX auth_permission_content_type_id_2f476e4b ON public.auth_permission USING btree (content_type_id);


--
-- Name: django_admin_log_content_type_id_c4bce8eb; Type: INDEX; Schema: public; Owner: agaba_user
--

CREATE INDEX django_admin_log_content_type_id_c4bce8eb ON public.django_admin_log USING btree (content_type_id);


--
-- Name: django_admin_log_user_id_c564eba6; Type: INDEX; Schema: public; Owner: agaba_user
--

CREATE INDEX django_admin_log_user_id_c564eba6 ON public.django_admin_log USING btree (user_id);


--
-- Name: django_session_expire_date_a5c62663; Type: INDEX; Schema: public; Owner: agaba_user
--

CREATE INDEX django_session_expire_date_a5c62663 ON public.django_session USING btree (expire_date);


--
-- Name: django_session_session_key_c0390e0f_like; Type: INDEX; Schema: public; Owner: agaba_user
--

CREATE INDEX django_session_session_key_c0390e0f_like ON public.django_session USING btree (session_key varchar_pattern_ops);


--
-- Name: website_group_link_06f15328_like; Type: INDEX; Schema: public; Owner: agaba_user
--

CREATE INDEX website_group_link_06f15328_like ON public.website_group USING btree (link varchar_pattern_ops);


--
-- Name: website_product_additional_options_additionaloption_id_3e9febae; Type: INDEX; Schema: public; Owner: agaba_user
--

CREATE INDEX website_product_additional_options_additionaloption_id_3e9febae ON public.website_product_additional_options USING btree (additionaloption_id);


--
-- Name: website_product_additional_options_product_id_3e80e557; Type: INDEX; Schema: public; Owner: agaba_user
--

CREATE INDEX website_product_additional_options_product_id_3e80e557 ON public.website_product_additional_options USING btree (product_id);


--
-- Name: website_product_author_id_e7ae0d55; Type: INDEX; Schema: public; Owner: agaba_user
--

CREATE INDEX website_product_author_id_e7ae0d55 ON public.website_product USING btree (author_id);


--
-- Name: website_product_characteristics_characteristic_id_60b67526; Type: INDEX; Schema: public; Owner: agaba_user
--

CREATE INDEX website_product_characteristics_characteristic_id_60b67526 ON public.website_product_charact_list USING btree (charactitem_id);


--
-- Name: website_product_characteristics_product_id_3089a5c7; Type: INDEX; Schema: public; Owner: agaba_user
--

CREATE INDEX website_product_characteristics_product_id_3089a5c7 ON public.website_product_charact_list USING btree (product_id);


--
-- Name: website_product_group_id_e9926067; Type: INDEX; Schema: public; Owner: agaba_user
--

CREATE INDEX website_product_group_id_e9926067 ON public.website_product USING btree (group_id);


--
-- Name: website_product_subgroup_id_6bbc2678; Type: INDEX; Schema: public; Owner: agaba_user
--

CREATE INDEX website_product_subgroup_id_6bbc2678 ON public.website_product USING btree (subgroup_id);


--
-- Name: website_productdocument_product_id_b4b79cab; Type: INDEX; Schema: public; Owner: agaba_user
--

CREATE INDEX website_productdocument_product_id_b4b79cab ON public.website_productdocument USING btree (product_id);


--
-- Name: website_productimage_product_id_cfa2ed48; Type: INDEX; Schema: public; Owner: agaba_user
--

CREATE INDEX website_productimage_product_id_cfa2ed48 ON public.website_productimage USING btree (product_id);


--
-- Name: website_subgroup_group_id_8045f138; Type: INDEX; Schema: public; Owner: agaba_user
--

CREATE INDEX website_subgroup_group_id_8045f138 ON public.website_subgroup USING btree (group_id);


--
-- Name: website_subgroup_link_b071453c_like; Type: INDEX; Schema: public; Owner: agaba_user
--

CREATE INDEX website_subgroup_link_b071453c_like ON public.website_subgroup USING btree (link varchar_pattern_ops);


--
-- Name: account_customuser_groups account_customuser_g_customuser_id_b6c60904_fk_account_c; Type: FK CONSTRAINT; Schema: public; Owner: agaba_user
--

ALTER TABLE ONLY public.account_customuser_groups
    ADD CONSTRAINT account_customuser_g_customuser_id_b6c60904_fk_account_c FOREIGN KEY (customuser_id) REFERENCES public.account_customuser(id) DEFERRABLE INITIALLY DEFERRED;


--
-- Name: account_customuser_groups account_customuser_groups_group_id_2be9f6d7_fk_auth_group_id; Type: FK CONSTRAINT; Schema: public; Owner: agaba_user
--

ALTER TABLE ONLY public.account_customuser_groups
    ADD CONSTRAINT account_customuser_groups_group_id_2be9f6d7_fk_auth_group_id FOREIGN KEY (group_id) REFERENCES public.auth_group(id) DEFERRABLE INITIALLY DEFERRED;


--
-- Name: account_customuser_user_permissions account_customuser_u_customuser_id_03bcc114_fk_account_c; Type: FK CONSTRAINT; Schema: public; Owner: agaba_user
--

ALTER TABLE ONLY public.account_customuser_user_permissions
    ADD CONSTRAINT account_customuser_u_customuser_id_03bcc114_fk_account_c FOREIGN KEY (customuser_id) REFERENCES public.account_customuser(id) DEFERRABLE INITIALLY DEFERRED;


--
-- Name: account_customuser_user_permissions account_customuser_u_permission_id_f4aec423_fk_auth_perm; Type: FK CONSTRAINT; Schema: public; Owner: agaba_user
--

ALTER TABLE ONLY public.account_customuser_user_permissions
    ADD CONSTRAINT account_customuser_u_permission_id_f4aec423_fk_auth_perm FOREIGN KEY (permission_id) REFERENCES public.auth_permission(id) DEFERRABLE INITIALLY DEFERRED;


--
-- Name: auth_group_permissions auth_group_permissio_permission_id_84c5c92e_fk_auth_perm; Type: FK CONSTRAINT; Schema: public; Owner: agaba_user
--

ALTER TABLE ONLY public.auth_group_permissions
    ADD CONSTRAINT auth_group_permissio_permission_id_84c5c92e_fk_auth_perm FOREIGN KEY (permission_id) REFERENCES public.auth_permission(id) DEFERRABLE INITIALLY DEFERRED;


--
-- Name: auth_group_permissions auth_group_permissions_group_id_b120cbf9_fk_auth_group_id; Type: FK CONSTRAINT; Schema: public; Owner: agaba_user
--

ALTER TABLE ONLY public.auth_group_permissions
    ADD CONSTRAINT auth_group_permissions_group_id_b120cbf9_fk_auth_group_id FOREIGN KEY (group_id) REFERENCES public.auth_group(id) DEFERRABLE INITIALLY DEFERRED;


--
-- Name: auth_permission auth_permission_content_type_id_2f476e4b_fk_django_co; Type: FK CONSTRAINT; Schema: public; Owner: agaba_user
--

ALTER TABLE ONLY public.auth_permission
    ADD CONSTRAINT auth_permission_content_type_id_2f476e4b_fk_django_co FOREIGN KEY (content_type_id) REFERENCES public.django_content_type(id) DEFERRABLE INITIALLY DEFERRED;


--
-- Name: django_admin_log django_admin_log_content_type_id_c4bce8eb_fk_django_co; Type: FK CONSTRAINT; Schema: public; Owner: agaba_user
--

ALTER TABLE ONLY public.django_admin_log
    ADD CONSTRAINT django_admin_log_content_type_id_c4bce8eb_fk_django_co FOREIGN KEY (content_type_id) REFERENCES public.django_content_type(id) DEFERRABLE INITIALLY DEFERRED;


--
-- Name: django_admin_log django_admin_log_user_id_c564eba6_fk_account_customuser_id; Type: FK CONSTRAINT; Schema: public; Owner: agaba_user
--

ALTER TABLE ONLY public.django_admin_log
    ADD CONSTRAINT django_admin_log_user_id_c564eba6_fk_account_customuser_id FOREIGN KEY (user_id) REFERENCES public.account_customuser(id) DEFERRABLE INITIALLY DEFERRED;


--
-- Name: website_product_additional_options website_product_addi_additionaloption_id_3e9febae_fk_website_a; Type: FK CONSTRAINT; Schema: public; Owner: agaba_user
--

ALTER TABLE ONLY public.website_product_additional_options
    ADD CONSTRAINT website_product_addi_additionaloption_id_3e9febae_fk_website_a FOREIGN KEY (additionaloption_id) REFERENCES public.website_additionaloption(id) DEFERRABLE INITIALLY DEFERRED;


--
-- Name: website_product_additional_options website_product_addi_product_id_3e80e557_fk_website_p; Type: FK CONSTRAINT; Schema: public; Owner: agaba_user
--

ALTER TABLE ONLY public.website_product_additional_options
    ADD CONSTRAINT website_product_addi_product_id_3e80e557_fk_website_p FOREIGN KEY (product_id) REFERENCES public.website_product(id) DEFERRABLE INITIALLY DEFERRED;


--
-- Name: website_product website_product_author_id_e7ae0d55_fk_account_customuser_id; Type: FK CONSTRAINT; Schema: public; Owner: agaba_user
--

ALTER TABLE ONLY public.website_product
    ADD CONSTRAINT website_product_author_id_e7ae0d55_fk_account_customuser_id FOREIGN KEY (author_id) REFERENCES public.account_customuser(id) DEFERRABLE INITIALLY DEFERRED;


--
-- Name: website_product_charact_list website_product_char_charactitem_id_bc35503c_fk_website_c; Type: FK CONSTRAINT; Schema: public; Owner: agaba_user
--

ALTER TABLE ONLY public.website_product_charact_list
    ADD CONSTRAINT website_product_char_charactitem_id_bc35503c_fk_website_c FOREIGN KEY (charactitem_id) REFERENCES public.website_charactitem(id) DEFERRABLE INITIALLY DEFERRED;


--
-- Name: website_product_charact_list website_product_char_product_id_3089a5c7_fk_website_p; Type: FK CONSTRAINT; Schema: public; Owner: agaba_user
--

ALTER TABLE ONLY public.website_product_charact_list
    ADD CONSTRAINT website_product_char_product_id_3089a5c7_fk_website_p FOREIGN KEY (product_id) REFERENCES public.website_product(id) DEFERRABLE INITIALLY DEFERRED;


--
-- Name: website_product website_product_group_id_e9926067_fk_website_group_id; Type: FK CONSTRAINT; Schema: public; Owner: agaba_user
--

ALTER TABLE ONLY public.website_product
    ADD CONSTRAINT website_product_group_id_e9926067_fk_website_group_id FOREIGN KEY (group_id) REFERENCES public.website_group(id) DEFERRABLE INITIALLY DEFERRED;


--
-- Name: website_product website_product_subgroup_id_6bbc2678_fk_website_subgroup_id; Type: FK CONSTRAINT; Schema: public; Owner: agaba_user
--

ALTER TABLE ONLY public.website_product
    ADD CONSTRAINT website_product_subgroup_id_6bbc2678_fk_website_subgroup_id FOREIGN KEY (subgroup_id) REFERENCES public.website_subgroup(id) DEFERRABLE INITIALLY DEFERRED;


--
-- Name: website_productdocument website_productdocum_product_id_b4b79cab_fk_website_p; Type: FK CONSTRAINT; Schema: public; Owner: agaba_user
--

ALTER TABLE ONLY public.website_productdocument
    ADD CONSTRAINT website_productdocum_product_id_b4b79cab_fk_website_p FOREIGN KEY (product_id) REFERENCES public.website_product(id) DEFERRABLE INITIALLY DEFERRED;


--
-- Name: website_productimage website_productimage_product_id_cfa2ed48_fk_website_product_id; Type: FK CONSTRAINT; Schema: public; Owner: agaba_user
--

ALTER TABLE ONLY public.website_productimage
    ADD CONSTRAINT website_productimage_product_id_cfa2ed48_fk_website_product_id FOREIGN KEY (product_id) REFERENCES public.website_product(id) DEFERRABLE INITIALLY DEFERRED;


--
-- Name: website_subgroup website_subgroup_group_id_8045f138_fk_website_group_id; Type: FK CONSTRAINT; Schema: public; Owner: agaba_user
--

ALTER TABLE ONLY public.website_subgroup
    ADD CONSTRAINT website_subgroup_group_id_8045f138_fk_website_group_id FOREIGN KEY (group_id) REFERENCES public.website_group(id) DEFERRABLE INITIALLY DEFERRED;


--
-- PostgreSQL database dump complete
--

